{
"meta":{"test_sets":["test","test1"],"test_metrics":[{"best_value":"Max","name":"Accuracy"},{"best_value":"Min","name":"Logloss"}],"learn_metrics":[{"best_value":"Max","name":"Accuracy"},{"best_value":"Min","name":"Logloss"}],"launch_mode":"Train","parameters":"","iteration_count":800,"learn_sets":["learn"],"name":"experiment"},
"iterations":[
{"learn":[0.7822990844,0.6232867436],"iteration":0,"passed_time":0.003355036202,"remaining_time":2.680673925,"test1":[0.7798165138,0.6213278303],"test":[0.7822990844,0.6232867436]},
{"learn":[0.9280264496,0.2287956408],"iteration":100,"passed_time":0.7446879096,"remaining_time":5.153830186,"test1":[0.7637614679,0.558430263],"test":[0.9280264496,0.2287956408]},
{"learn":[0.9819430315,0.1200460834],"iteration":200,"passed_time":1.518823076,"remaining_time":4.526243894,"test1":[0.7683486239,0.605247787],"test":[0.9819430315,0.1200460834]}
]}